{"AP": 0.9851561504142766, "AR": 0.9910452517527087, "F1": 0.98776929465266, "ratio": 0.9986734043521807, "Re": 0.007660020030956934, "mae": 0.04053537284894838, "rmse": 0.045124282982791586}