{"AP": 0.9787166530091961, "AR": 0.9912045889101339, "F1": 0.98420528483626, "ratio": 1.0077956842392788, "Re": 0.01659109532914504, "mae": 0.09598470363288719, "rmse": 0.12504780114722752}