{"AP": 0.7131220787616966, "AR": 0.9912045889101339, "F1": 0.8256553574269223, "ratio": 1.4247172903578256, "Re": 0.43351270144769194, "mae": 3.2466539196940727, "rmse": 13.00114722753346}