{"AP": 0.5834002913236941, "AR": 0.98901802786124, "F1": 0.7308659940338346, "ratio": 1.725023672949103, "Re": 0.7338190840389693, "mae": 5.625239005736137, "rmse": 34.89713193116635}