{"AP": 0.9878876445415642, "AR": 0.9897660020030957, "F1": 0.9886256594478392, "ratio": 0.9937703723936993, "Re": 0.0044231994901210965, "mae": 0.024091778202676863, "rmse": 0.024091778202676863}