{"AP": 0.9906309751434035, "AR": 0.9729982700537193, "F1": 0.9810678465362977, "ratio": 0.9732532095055996, "Re": 0.018333788582354547, "mae": 0.1361376673040153, "rmse": 0.1491395793499044}