{"AP": 0.4807913466413673, "AR": 0.9912045889101339, "F1": 0.6448904206748409, "ratio": 2.080596831466812, "Re": 1.0893922425566784, "mae": 8.526959847036329, "rmse": 77.0661567877629}