{"AP": 0.5845111666591992, "AR": 0.9912045889101339, "F1": 0.7324950981103258, "ratio": 1.7218046071200945, "Re": 0.7306000182099609, "mae": 5.732313575525812, "rmse": 36.58661567877629}